{"cameraMode":{"drawMode":0,"name":"Shaded","section":"Shading Mode"},"sceneLighting":true,"audioPlay":false,"sceneViewState":{"showFog":true,"showMaterialUpdate":false,"showSkybox":true,"showFlares":true,"showImageEffects":true,"showParticleSystems":true},"in2DMode":false,"pivot":{"x":4.658169746398926,"y":1.4500969648361207,"z":-2.1430139541625978},"rotation":{"x":-0.07575191557407379,"y":0.7182777523994446,"z":-0.07919251173734665,"w":-0.6870750784873962},"size":1.1038503646850587,"orthographic":false}