{"cameraMode":{"drawMode":0,"name":"Shaded","section":"Shading Mode"},"sceneLighting":true,"audioPlay":false,"sceneViewState":{"showFog":true,"showMaterialUpdate":false,"showSkybox":true,"showFlares":true,"showImageEffects":true,"showParticleSystems":true},"in2DMode":false,"pivot":{"x":0.08895063400268555,"y":0.496091365814209,"z":-0.38045167922973635},"rotation":{"x":-0.06389748305082321,"y":0.9200558066368103,"z":-0.16914275288581849,"w":-0.3475716710090637},"size":11.579620361328125,"orthographic":false}